{"_default": {"1": {"person_id": "danforth", "personal_name": "Frank", "family_name": "Danforth", "visits": {}}, "2": {"person_id": "dyer", "personal_name": "William", "family_name": "Dyer", "visits": {"site_id": "DR-1", "latitude": -49.85, "longitude": -128.57, "measurements": [{"visit_id": 622, "person_id": "dyer", "quantity": "rad", "reading": 7.8}, {"visit_id": 622, "person_id": "dyer", "quantity": "sal", "reading": 0.09}]}}, "3": {"person_id": "lake", "personal_name": "Anderson", "family_name": "Lake", "visits": {"site_id": "DR-3", "latitude": -47.15, "longitude": -126.72, "measurements": [{"visit_id": 734, "person_id": "lake", "quantity": "sal", "reading": 0.05}]}}, "4": {"person_id": "pb", "personal_name": "Frank", "family_name": "Pabodie", "visits": {"site_id": "DR-3", "latitude": -47.15, "longitude": -126.72, "measurements": [{"visit_id": 735, "person_id": "pb", "quantity": "rad", "reading": 7.22}, {"visit_id": 735, "person_id": "pb", "quantity": "sal", "reading": 0.06}, {"visit_id": 735, "person_id": "pb", "quantity": "temp", "reading": -26.0}]}}, "5": {"person_id": "roe", "personal_name": "Valentina", "family_name": "Roerich", "visits": {"site_id": "DR-3", "latitude": -47.15, "longitude": -126.72, "measurements": [{"visit_id": 752, "person_id": "roe", "quantity": "sal", "reading": 41.6}]}}}}